{"eval_loss": 0.3467830419540405, "eval_model_preparation_time": 0.0027, "eval_accuracy": 0.8890469670295715, "eval_runtime": 17.8771, "eval_samples_per_second": 550.537, "eval_steps_per_second": 68.859}