{"eval_loss": 0.21532398462295532, "eval_accuracy": 0.927183985710144, "eval_runtime": 18.9068, "eval_samples_per_second": 530.973, "eval_steps_per_second": 66.378, "epoch": 2.0}