{"eval_loss": 0.3850637376308441, "eval_model_preparation_time": 0.0027, "eval_accuracy": 0.8950416445732117, "eval_runtime": 18.0991, "eval_samples_per_second": 543.785, "eval_steps_per_second": 68.015}