{"eval_loss": 0.3850637376308441, "eval_accuracy": 0.8950416445732117, "eval_runtime": 19.2437, "eval_samples_per_second": 511.441, "eval_steps_per_second": 63.969, "epoch": 3.0}